"原始序號","項目","組別","名次","獲獎者","座位區域","座位編號","全名","座位全名"
1,"國語演說","國小學生組",1,,"A",1,"國語演說（國小學生組）第1名","A區（1排1號）"
2,"國語演說","國小學生組",2,,"A",2,"國語演說（國小學生組）第2名","A區（1排2號）"
3,"國語演說","國小學生組",3,,"A",3,"國語演說（國小學生組）第3名","A區（1排3號）"
4,"國語演說","國小學生組",4,,"A",4,"國語演說（國小學生組）第4名","A區（1排4號）"
5,"國語演說","國小學生組",5,,"A",5,"國語演說（國小學生組）第5名","A區（1排5號）"
6,"國語演說","國小學生組",6,,"A",6,"國語演說（國小學生組）第6名","A區（1排6號）"
7,"國語演說","國中學生組",1,,"A",7,"國語演說（國中學生組）第1名","A區（1排7號）"
8,"國語演說","國中學生組",2,,"A",8,"國語演說（國中學生組）第2名","A區（1排8號）"
9,"國語演說","國中學生組",3,,"A",9,"國語演說（國中學生組）第3名","A區（2排1號）"
10,"國語演說","國中學生組",4,,"A",10,"國語演說（國中學生組）第4名","A區（2排2號）"
11,"國語演說","國中學生組",5,,"A",11,"國語演說（國中學生組）第5名","A區（2排3號）"
12,"國語演說","國中學生組",6,,"A",12,"國語演說（國中學生組）第6名","A區（2排4號）"
13,"國語演說","高中學生組",1,,"A",13,"國語演說（高中學生組）第1名","A區（2排5號）"
14,"國語演說","高中學生組",2,,"A",14,"國語演說（高中學生組）第2名","A區（2排6號）"
15,"國語演說","高中學生組",3,,"A",15,"國語演說（高中學生組）第3名","A區（2排7號）"
16,"國語演說","高中學生組",4,,"A",16,"國語演說（高中學生組）第4名","A區（2排8號）"
17,"國語演說","高中學生組",5,,"A",17,"國語演說（高中學生組）第5名","A區（3排1號）"
18,"國語演說","高中學生組",6,,"A",18,"國語演說（高中學生組）第6名","A區（3排2號）"
19,"國語演說","教師組",1,,"A",19,"國語演說（教師組）第1名","A區（3排3號）"
20,"國語演說","教師組",2,,"A",20,"國語演說（教師組）第2名","A區（3排4號）"
21,"國語演說","教師組",3,,"A",21,"國語演說（教師組）第3名","A區（3排5號）"
22,"國語演說","教師組",4,,"A",22,"國語演說（教師組）第4名","A區（3排6號）"
23,"國語演說","教師組",5,,"A",23,"國語演說（教師組）第5名","A區（3排7號）"
24,"國語演說","教師組",6,,"A",24,"國語演說（教師組）第6名","A區（3排8號）"
25,"國語演說","社會組",1,,"A",25,"國語演說（社會組）第1名","A區（4排1號）"
26,"國語演說","社會組",2,,"A",26,"國語演說（社會組）第2名","A區（4排2號）"
27,"國語演說","社會組",3,,"A",27,"國語演說（社會組）第3名","A區（4排3號）"
28,"國語演說","社會組",4,,"A",28,"國語演說（社會組）第4名","A區（4排4號）"
29,"國語演說","社會組",5,,"A",29,"國語演說（社會組）第5名","A區（4排5號）"
30,"國語演說","社會組",6,,"A",30,"國語演說（社會組）第6名","A區（4排6號）"
31,"國語演說","教大組",1,,"A",31,"國語演說（教大組）第1名","A區（4排7號）"
32,"國語演說","教大組",2,,"A",32,"國語演說（教大組）第2名","A區（4排8號）"
33,"國語演說","教大組",3,,"A",33,"國語演說（教大組）第3名","A區（5排1號）"
34,"國語演說","教大組",4,,"A",34,"國語演說（教大組）第4名","A區（5排2號）"
35,"國語演說","教大組",5,,"A",35,"國語演說（教大組）第5名","A區（5排3號）"
36,"國語演說","教大組",6,,"A",36,"國語演說（教大組）第6名","A區（5排4號）"
37,"閩南語演說","國小學生組",1,,"A",37,"閩南語演說（國小學生組）第1名","A區（6排1號）"
38,"閩南語演說","國小學生組",2,,"A",38,"閩南語演說（國小學生組）第2名","A區（6排2號）"
39,"閩南語演說","國小學生組",3,,"A",39,"閩南語演說（國小學生組）第3名","A區（6排3號）"
40,"閩南語演說","國小學生組",4,,"A",40,"閩南語演說（國小學生組）第4名","A區（6排4號）"
41,"閩南語演說","國小學生組",5,,"A",41,"閩南語演說（國小學生組）第5名","A區（6排5號）"
42,"閩南語演說","國小學生組",6,,"A",42,"閩南語演說（國小學生組）第6名","A區（6排6號）"
43,"閩南語演說","國中學生組",1,,"A",43,"閩南語演說（國中學生組）第1名","A區（6排7號）"
44,"閩南語演說","國中學生組",2,,"A",44,"閩南語演說（國中學生組）第2名","A區（6排8號）"
45,"閩南語演說","國中學生組",3,,"A",45,"閩南語演說（國中學生組）第3名","A區（7排1號）"
46,"閩南語演說","國中學生組",4,,"A",46,"閩南語演說（國中學生組）第4名","A區（7排2號）"
47,"閩南語演說","國中學生組",5,,"A",47,"閩南語演說（國中學生組）第5名","A區（7排3號）"
48,"閩南語演說","國中學生組",6,,"A",48,"閩南語演說（國中學生組）第6名","A區（7排4號）"
49,"閩南語演說","高中學生組",1,,"A",49,"閩南語演說（高中學生組）第1名","A區（7排5號）"
50,"閩南語演說","高中學生組",2,,"A",50,"閩南語演說（高中學生組）第2名","A區（7排6號）"
51,"閩南語演說","高中學生組",3,,"A",51,"閩南語演說（高中學生組）第3名","A區（7排7號）"
52,"閩南語演說","高中學生組",4,,"A",52,"閩南語演說（高中學生組）第4名","A區（7排8號）"
53,"閩南語演說","高中學生組",5,,"A",53,"閩南語演說（高中學生組）第5名","A區（8排1號）"
54,"閩南語演說","高中學生組",6,,"A",54,"閩南語演說（高中學生組）第6名","A區（8排2號）"
55,"閩南語演說","教師組",1,,"A",55,"閩南語演說（教師組）第1名","A區（8排3號）"
56,"閩南語演說","教師組",2,,"A",56,"閩南語演說（教師組）第2名","A區（8排4號）"
57,"閩南語演說","教師組",3,,"A",57,"閩南語演說（教師組）第3名","A區（8排5號）"
58,"閩南語演說","教師組",4,,"A",58,"閩南語演說（教師組）第4名","A區（8排6號）"
59,"閩南語演說","教師組",5,,"A",59,"閩南語演說（教師組）第5名","A區（8排7號）"
60,"閩南語演說","教師組",6,,"A",60,"閩南語演說（教師組）第6名","A區（8排8號）"
61,"閩南語演說","社會組",1,,"A",61,"閩南語演說（社會組）第1名","A區（9排1號）"
62,"閩南語演說","社會組",2,,"A",62,"閩南語演說（社會組）第2名","A區（9排2號）"
63,"閩南語演說","社會組",3,,"A",63,"閩南語演說（社會組）第3名","A區（9排3號）"
64,"閩南語演說","社會組",4,,"A",64,"閩南語演說（社會組）第4名","A區（9排4號）"
65,"閩南語演說","社會組",5,,"A",65,"閩南語演說（社會組）第5名","A區（9排5號）"
66,"閩南語演說","社會組",6,,"A",66,"閩南語演說（社會組）第6名","A區（9排6號）"
67,"閩南語演說","教大組",1,,"A",67,"閩南語演說（教大組）第1名","A區（9排7號）"
68,"閩南語演說","教大組",2,,"A",68,"閩南語演說（教大組）第2名","A區（9排8號）"
69,"閩南語演說","教大組",3,,"A",69,"閩南語演說（教大組）第3名","A區（10排1號）"
70,"閩南語演說","教大組",4,,"A",70,"閩南語演說（教大組）第4名","A區（10排2號）"
71,"閩南語演說","教大組",5,,"A",71,"閩南語演說（教大組）第5名","A區（10排3號）"
72,"閩南語演說","教大組",6,,"A",72,"閩南語演說（教大組）第6名","A區（10排4號）"
73,"客家語演說","國小學生組",1,,"B",1,"客家語演說（國小學生組）第1名","B區（1排1號）"
74,"客家語演說","國小學生組",2,,"B",2,"客家語演說（國小學生組）第2名","B區（1排2號）"
75,"客家語演說","國小學生組",3,,"B",3,"客家語演說（國小學生組）第3名","B區（1排3號）"
76,"客家語演說","國小學生組",4,,"B",4,"客家語演說（國小學生組）第4名","B區（1排4號）"
77,"客家語演說","國小學生組",5,,"B",5,"客家語演說（國小學生組）第5名","B區（1排5號）"
78,"客家語演說","國小學生組",6,,"B",6,"客家語演說（國小學生組）第6名","B區（1排6號）"
79,"客家語演說","國中學生組",1,,"B",7,"客家語演說（國中學生組）第1名","B區（1排7號）"
80,"客家語演說","國中學生組",2,,"B",8,"客家語演說（國中學生組）第2名","B區（1排8號）"
81,"客家語演說","國中學生組",3,,"B",9,"客家語演說（國中學生組）第3名","B區（2排1號）"
82,"客家語演說","國中學生組",4,,"B",10,"客家語演說（國中學生組）第4名","B區（2排2號）"
83,"客家語演說","國中學生組",5,,"B",11,"客家語演說（國中學生組）第5名","B區（2排3號）"
84,"客家語演說","國中學生組",6,,"B",12,"客家語演說（國中學生組）第6名","B區（2排4號）"
85,"客家語演說","高中學生組",1,,"B",13,"客家語演說（高中學生組）第1名","B區（2排5號）"
86,"客家語演說","高中學生組",2,,"B",14,"客家語演說（高中學生組）第2名","B區（2排6號）"
87,"客家語演說","高中學生組",3,,"B",15,"客家語演說（高中學生組）第3名","B區（2排7號）"
88,"客家語演說","高中學生組",4,,"B",16,"客家語演說（高中學生組）第4名","B區（2排8號）"
89,"客家語演說","高中學生組",5,,"B",17,"客家語演說（高中學生組）第5名","B區（3排1號）"
90,"客家語演說","高中學生組",6,,"B",18,"客家語演說（高中學生組）第6名","B區（3排2號）"
91,"客家語演說","教師組",1,,"B",19,"客家語演說（教師組）第1名","B區（3排3號）"
92,"客家語演說","教師組",2,,"B",20,"客家語演說（教師組）第2名","B區（3排4號）"
93,"客家語演說","教師組",3,,"B",21,"客家語演說（教師組）第3名","B區（3排5號）"
94,"客家語演說","教師組",4,,"B",22,"客家語演說（教師組）第4名","B區（3排6號）"
95,"客家語演說","教師組",5,,"B",23,"客家語演說（教師組）第5名","B區（3排7號）"
96,"客家語演說","教師組",6,,"B",24,"客家語演說（教師組）第6名","B區（3排8號）"
97,"客家語演說","社會組",1,,"B",25,"客家語演說（社會組）第1名","B區（4排1號）"
98,"客家語演說","社會組",2,,"B",26,"客家語演說（社會組）第2名","B區（4排2號）"
99,"客家語演說","社會組",3,,"B",27,"客家語演說（社會組）第3名","B區（4排3號）"
100,"客家語演說","社會組",4,,"B",28,"客家語演說（社會組）第4名","B區（4排4號）"
101,"客家語演說","社會組",5,,"B",29,"客家語演說（社會組）第5名","B區（4排5號）"
102,"客家語演說","社會組",6,,"B",30,"客家語演說（社會組）第6名","B區（4排6號）"
103,"客家語演說","教大組",1,,"B",31,"客家語演說（教大組）第1名","B區（4排7號）"
104,"客家語演說","教大組",2,,"B",32,"客家語演說（教大組）第2名","B區（4排8號）"
105,"阿美族語演說","教師組",1,,"B",33,"阿美族語演說（教師組）第1名","B區（5排1號）"
106,"阿美族語演說","教師組",2,,"B",34,"阿美族語演說（教師組）第2名","B區（5排2號）"
107,"阿美族語演說","社會組",1,,"B",35,"阿美族語演說（社會組）第1名","B區（5排3號）"
108,"阿美族語演說","社會組",2,,"B",36,"阿美族語演說（社會組）第2名","B區（5排4號）"
109,"阿美族語演說","社會組",3,,"B",37,"阿美族語演說（社會組）第3名","B區（5排5號）"
110,"阿美族語演說","社會組",4,,"B",38,"阿美族語演說（社會組）第4名","B區（5排6號）"
111,"阿美族語演說","社會組",5,,"B",39,"阿美族語演說（社會組）第5名","B區（5排7號）"
112,"泰雅族語演說","教師組",1,,"B",40,"泰雅族語演說（教師組）第1名","B區（5排8號）"
113,"泰雅族語演說","教師組",2,,"B",41,"泰雅族語演說（教師組）第2名","B區（6排1號）"
114,"泰雅族語演說","教師組",3,,"B",42,"泰雅族語演說（教師組）第3名","B區（6排2號）"
115,"泰雅族語演說","教師組",4,,"B",43,"泰雅族語演說（教師組）第4名","B區（6排3號）"
116,"泰雅族語演說","社會組",1,,"B",44,"泰雅族語演說（社會組）第1名","B區（6排4號）"
117,"泰雅族語演說","社會組",2,,"B",45,"泰雅族語演說（社會組）第2名","B區（6排5號）"
118,"泰雅族語演說汶水泰雅語","教師組",1,,"B",46,"泰雅族語演說汶水泰雅語（教師組）第1名","B區（6排6號）"
119,"泰雅族語演說汶水泰雅語","社會組",1,,"B",47,"泰雅族語演說汶水泰雅語（社會組）第1名","B區（6排7號）"
120,"泰雅族語演說萬大泰雅語","教師組",1,,"B",48,"泰雅族語演說萬大泰雅語（教師組）第1名","B區（6排8號）"
121,"泰雅族語演說萬大泰雅語","社會組",1,,"B",49,"泰雅族語演說萬大泰雅語（社會組）第1名","B區（7排1號）"
122,"排灣族語演說","社會組",1,,"B",50,"排灣族語演說（社會組）第1名","B區（7排2號）"
123,"排灣族語演說","社會組",2,,"B",51,"排灣族語演說（社會組）第2名","B區（7排3號）"
124,"排灣族語演說","社會組",3,,"B",52,"排灣族語演說（社會組）第3名","B區（7排4號）"
125,"布農族語演說","教師組",1,,"B",53,"布農族語演說（教師組）第1名","B區（7排5號）"
126,"布農族語演說","教師組",2,,"B",54,"布農族語演說（教師組）第2名","B區（7排6號）"
127,"布農族語演說","社會組",1,,"B",55,"布農族語演說（社會組）第1名","B區（7排7號）"
128,"布農族語演說","社會組",2,,"B",56,"布農族語演說（社會組）第2名","B區（7排8號）"
129,"布農族語演說","社會組",3,,"B",57,"布農族語演說（社會組）第3名","B區（8排1號）"
130,"布農族語演說","社會組",4,,"B",58,"布農族語演說（社會組）第4名","B區（8排2號）"
131,"卑南族語演說","社會組",1,,"B",59,"卑南族語演說（社會組）第1名","B區（8排3號）"
132,"魯凱族語演說","社會組",1,,"B",60,"魯凱族語演說（社會組）第1名","B區（8排4號）"
133,"魯凱族語演說萬山魯凱語","社會組",1,,"B",61,"魯凱族語演說萬山魯凱語（社會組）第1名","B區（8排5號）"
134,"鄒族語演說","教師組",1,,"B",62,"鄒族語演說（教師組）第1名","B區（8排6號）"
135,"鄒族語演說","社會組",1,,"B",63,"鄒族語演說（社會組）第1名","B區（8排7號）"
136,"賽夏族語演說","教師組",1,,"B",64,"賽夏族語演說（教師組）第1名","B區（8排8號）"
137,"賽夏族語演說","社會組",1,,"B",65,"賽夏族語演說（社會組）第1名","B區（9排1號）"
138,"雅美族語演說","社會組",1,,"B",66,"雅美族語演說（社會組）第1名","B區（9排2號）"
139,"邵族語演說","教師組",1,,"B",67,"邵族語演說（教師組）第1名","B區（9排3號）"
140,"邵族語演說","社會組",1,,"B",68,"邵族語演說（社會組）第1名","B區（9排4號）"
141,"噶瑪蘭族語演說","社會組",1,,"B",69,"噶瑪蘭族語演說（社會組）第1名","B區（9排5號）"
142,"太魯閣族語演說","教師組",1,,"B",70,"太魯閣族語演說（教師組）第1名","B區（9排6號）"
143,"太魯閣族語演說","教師組",2,,"B",71,"太魯閣族語演說（教師組）第2名","B區（9排7號）"
144,"太魯閣族語演說","社會組",1,,"B",72,"太魯閣族語演說（社會組）第1名","B區（9排8號）"
145,"太魯閣族語演說","社會組",2,,"B",73,"太魯閣族語演說（社會組）第2名","B區（10排1號）"
146,"太魯閣族語演說","社會組",3,,"B",74,"太魯閣族語演說（社會組）第3名","B區（10排2號）"
147,"賽德克族語演說","教師組",1,,"B",75,"賽德克族語演說（教師組）第1名","B區（10排3號）"
148,"賽德克族語演說","社會組",1,,"B",76,"賽德克族語演說（社會組）第1名","B區（10排4號）"
149,"賽德克族語演說","社會組",2,,"B",77,"賽德克族語演說（社會組）第2名","B區（10排5號）"
150,"賽德克族語演說","社會組",3,,"B",78,"賽德克族語演說（社會組）第3名","B區（10排6號）"
151,"拉阿魯哇族語演說","社會組",1,,"B",79,"拉阿魯哇族語演說（社會組）第1名","B區（10排7號）"
152,"國語朗讀","國小學生組",1,,"C",1,"國語朗讀（國小學生組）第1名","C區（1排1號）"
153,"國語朗讀","國小學生組",2,,"C",2,"國語朗讀（國小學生組）第2名","C區（1排2號）"
154,"國語朗讀","國小學生組",3,,"C",3,"國語朗讀（國小學生組）第3名","C區（1排3號）"
155,"國語朗讀","國小學生組",4,,"C",4,"國語朗讀（國小學生組）第4名","C區（1排4號）"
156,"國語朗讀","國小學生組",5,,"C",5,"國語朗讀（國小學生組）第5名","C區（1排5號）"
157,"國語朗讀","國小學生組",6,,"C",6,"國語朗讀（國小學生組）第6名","C區（1排6號）"
158,"國語朗讀","國中學生組",1,,"C",7,"國語朗讀（國中學生組）第1名","C區（1排7號）"
159,"國語朗讀","國中學生組",2,,"C",8,"國語朗讀（國中學生組）第2名","C區（1排8號）"
160,"國語朗讀","國中學生組",3,,"C",9,"國語朗讀（國中學生組）第3名","C區（2排1號）"
161,"國語朗讀","國中學生組",4,,"C",10,"國語朗讀（國中學生組）第4名","C區（2排2號）"
162,"國語朗讀","國中學生組",5,,"C",11,"國語朗讀（國中學生組）第5名","C區（2排3號）"
163,"國語朗讀","國中學生組",6,,"C",12,"國語朗讀（國中學生組）第6名","C區（2排4號）"
164,"國語朗讀","高中學生組",1,,"C",13,"國語朗讀（高中學生組）第1名","C區（2排5號）"
165,"國語朗讀","高中學生組",2,,"C",14,"國語朗讀（高中學生組）第2名","C區（2排6號）"
166,"國語朗讀","高中學生組",3,,"C",15,"國語朗讀（高中學生組）第3名","C區（2排7號）"
167,"國語朗讀","高中學生組",4,,"C",16,"國語朗讀（高中學生組）第4名","C區（2排8號）"
168,"國語朗讀","高中學生組",5,,"C",17,"國語朗讀（高中學生組）第5名","C區（3排1號）"
169,"國語朗讀","高中學生組",6,,"C",18,"國語朗讀（高中學生組）第6名","C區（3排2號）"
170,"國語朗讀","教師組",1,,"C",19,"國語朗讀（教師組）第1名","C區（3排3號）"
171,"國語朗讀","教師組",2,,"C",20,"國語朗讀（教師組）第2名","C區（3排4號）"
172,"國語朗讀","教師組",3,,"C",21,"國語朗讀（教師組）第3名","C區（3排5號）"
173,"國語朗讀","教師組",4,,"C",22,"國語朗讀（教師組）第4名","C區（3排6號）"
174,"國語朗讀","教師組",5,,"C",23,"國語朗讀（教師組）第5名","C區（3排7號）"
175,"國語朗讀","教師組",6,,"C",24,"國語朗讀（教師組）第6名","C區（3排8號）"
176,"國語朗讀","社會組",1,,"C",25,"國語朗讀（社會組）第1名","C區（4排1號）"
177,"國語朗讀","社會組",2,,"C",26,"國語朗讀（社會組）第2名","C區（4排2號）"
178,"國語朗讀","社會組",3,,"C",27,"國語朗讀（社會組）第3名","C區（4排3號）"
179,"國語朗讀","社會組",4,,"C",28,"國語朗讀（社會組）第4名","C區（4排4號）"
180,"國語朗讀","社會組",5,,"C",29,"國語朗讀（社會組）第5名","C區（4排5號）"
181,"國語朗讀","社會組",6,,"C",30,"國語朗讀（社會組）第6名","C區（4排6號）"
182,"國語朗讀","教大組",1,,"C",31,"國語朗讀（教大組）第1名","C區（4排7號）"
183,"國語朗讀","教大組",2,,"C",32,"國語朗讀（教大組）第2名","C區（4排8號）"
184,"國語朗讀","教大組",3,,"C",33,"國語朗讀（教大組）第3名","C區（5排1號）"
185,"國語朗讀","教大組",4,,"C",34,"國語朗讀（教大組）第4名","C區（5排2號）"
186,"國語朗讀","教大組",5,,"C",35,"國語朗讀（教大組）第5名","C區（5排3號）"
187,"國語朗讀","教大組",6,,"C",36,"國語朗讀（教大組）第6名","C區（5排4號）"
188,"閩南語朗讀","國小學生組",1,,"C",37,"閩南語朗讀（國小學生組）第1名","C區（6排1號）"
189,"閩南語朗讀","國小學生組",2,,"C",38,"閩南語朗讀（國小學生組）第2名","C區（6排2號）"
190,"閩南語朗讀","國小學生組",3,,"C",39,"閩南語朗讀（國小學生組）第3名","C區（6排3號）"
191,"閩南語朗讀","國小學生組",4,,"C",40,"閩南語朗讀（國小學生組）第4名","C區（6排4號）"
192,"閩南語朗讀","國小學生組",5,,"C",41,"閩南語朗讀（國小學生組）第5名","C區（6排5號）"
193,"閩南語朗讀","國小學生組",6,,"C",42,"閩南語朗讀（國小學生組）第6名","C區（6排6號）"
194,"閩南語朗讀","國中學生組",1,,"C",43,"閩南語朗讀（國中學生組）第1名","C區（6排7號）"
195,"閩南語朗讀","國中學生組",2,,"C",44,"閩南語朗讀（國中學生組）第2名","C區（6排8號）"
196,"閩南語朗讀","國中學生組",3,,"C",45,"閩南語朗讀（國中學生組）第3名","C區（7排1號）"
197,"閩南語朗讀","國中學生組",4,,"C",46,"閩南語朗讀（國中學生組）第4名","C區（7排2號）"
198,"閩南語朗讀","國中學生組",5,,"C",47,"閩南語朗讀（國中學生組）第5名","C區（7排3號）"
199,"閩南語朗讀","國中學生組",6,,"C",48,"閩南語朗讀（國中學生組）第6名","C區（7排4號）"
200,"閩南語朗讀","高中學生組",1,,"C",49,"閩南語朗讀（高中學生組）第1名","C區（7排5號）"
201,"閩南語朗讀","高中學生組",2,,"C",50,"閩南語朗讀（高中學生組）第2名","C區（7排6號）"
202,"閩南語朗讀","高中學生組",3,,"C",51,"閩南語朗讀（高中學生組）第3名","C區（7排7號）"
203,"閩南語朗讀","高中學生組",4,,"C",52,"閩南語朗讀（高中學生組）第4名","C區（7排8號）"
204,"閩南語朗讀","高中學生組",5,,"C",53,"閩南語朗讀（高中學生組）第5名","C區（8排1號）"
205,"閩南語朗讀","高中學生組",6,,"C",54,"閩南語朗讀（高中學生組）第6名","C區（8排2號）"
206,"閩南語朗讀","教師組",1,,"C",55,"閩南語朗讀（教師組）第1名","C區（8排3號）"
207,"閩南語朗讀","教師組",2,,"C",56,"閩南語朗讀（教師組）第2名","C區（8排4號）"
208,"閩南語朗讀","教師組",3,,"C",57,"閩南語朗讀（教師組）第3名","C區（8排5號）"
209,"閩南語朗讀","教師組",4,,"C",58,"閩南語朗讀（教師組）第4名","C區（8排6號）"
210,"閩南語朗讀","教師組",5,,"C",59,"閩南語朗讀（教師組）第5名","C區（8排7號）"
211,"閩南語朗讀","教師組",6,,"C",60,"閩南語朗讀（教師組）第6名","C區（8排8號）"
212,"閩南語朗讀","社會組",1,,"C",61,"閩南語朗讀（社會組）第1名","C區（9排1號）"
213,"閩南語朗讀","社會組",2,,"C",62,"閩南語朗讀（社會組）第2名","C區（9排2號）"
214,"閩南語朗讀","社會組",3,,"C",63,"閩南語朗讀（社會組）第3名","C區（9排3號）"
215,"閩南語朗讀","社會組",4,,"C",64,"閩南語朗讀（社會組）第4名","C區（9排4號）"
216,"閩南語朗讀","社會組",5,,"C",65,"閩南語朗讀（社會組）第5名","C區（9排5號）"
217,"閩南語朗讀","社會組",6,,"C",66,"閩南語朗讀（社會組）第6名","C區（9排6號）"
218,"閩南語朗讀","教大組",1,,"C",67,"閩南語朗讀（教大組）第1名","C區（9排7號）"
219,"閩南語朗讀","教大組",2,,"C",68,"閩南語朗讀（教大組）第2名","C區（9排8號）"
220,"閩南語朗讀","教大組",3,,"C",69,"閩南語朗讀（教大組）第3名","C區（10排1號）"
221,"閩南語朗讀","教大組",4,,"C",70,"閩南語朗讀（教大組）第4名","C區（10排2號）"
222,"閩南語朗讀","教大組",5,,"C",71,"閩南語朗讀（教大組）第5名","C區（10排3號）"
223,"閩南語朗讀","教大組",6,,"C",72,"閩南語朗讀（教大組）第6名","C區（10排4號）"
224,"客家語朗讀","國小學生組",1,,"D",1,"客家語朗讀（國小學生組）第1名","D區（1排1號）"
225,"客家語朗讀","國小學生組",2,,"D",2,"客家語朗讀（國小學生組）第2名","D區（1排2號）"
226,"客家語朗讀","國小學生組",3,,"D",3,"客家語朗讀（國小學生組）第3名","D區（1排3號）"
227,"客家語朗讀","國小學生組",4,,"D",4,"客家語朗讀（國小學生組）第4名","D區（1排4號）"
228,"客家語朗讀","國小學生組",5,,"D",5,"客家語朗讀（國小學生組）第5名","D區（1排5號）"
229,"客家語朗讀","國小學生組",6,,"D",6,"客家語朗讀（國小學生組）第6名","D區（1排6號）"
230,"客家語朗讀","國中學生組",1,,"D",7,"客家語朗讀（國中學生組）第1名","D區（1排7號）"
231,"客家語朗讀","國中學生組",2,,"D",8,"客家語朗讀（國中學生組）第2名","D區（1排8號）"
232,"客家語朗讀","國中學生組",3,,"D",9,"客家語朗讀（國中學生組）第3名","D區（2排1號）"
233,"客家語朗讀","國中學生組",4,,"D",10,"客家語朗讀（國中學生組）第4名","D區（2排2號）"
234,"客家語朗讀","國中學生組",5,,"D",11,"客家語朗讀（國中學生組）第5名","D區（2排3號）"
235,"客家語朗讀","國中學生組",6,,"D",12,"客家語朗讀（國中學生組）第6名","D區（2排4號）"
236,"客家語朗讀","高中學生組",1,,"D",13,"客家語朗讀（高中學生組）第1名","D區（2排5號）"
237,"客家語朗讀","高中學生組",2,,"D",14,"客家語朗讀（高中學生組）第2名","D區（2排6號）"
238,"客家語朗讀","高中學生組",3,,"D",15,"客家語朗讀（高中學生組）第3名","D區（2排7號）"
239,"客家語朗讀","高中學生組",4,,"D",16,"客家語朗讀（高中學生組）第4名","D區（2排8號）"
240,"客家語朗讀","高中學生組",5,,"D",17,"客家語朗讀（高中學生組）第5名","D區（3排1號）"
241,"客家語朗讀","高中學生組",6,,"D",18,"客家語朗讀（高中學生組）第6名","D區（3排2號）"
242,"客家語朗讀","教師組",1,,"D",19,"客家語朗讀（教師組）第1名","D區（3排3號）"
243,"客家語朗讀","教師組",2,,"D",20,"客家語朗讀（教師組）第2名","D區（3排4號）"
244,"客家語朗讀","教師組",3,,"D",21,"客家語朗讀（教師組）第3名","D區（3排5號）"
245,"客家語朗讀","教師組",4,,"D",22,"客家語朗讀（教師組）第4名","D區（3排6號）"
246,"客家語朗讀","教師組",5,,"D",23,"客家語朗讀（教師組）第5名","D區（3排7號）"
247,"客家語朗讀","教師組",6,,"D",24,"客家語朗讀（教師組）第6名","D區（3排8號）"
248,"客家語朗讀","社會組",1,,"D",25,"客家語朗讀（社會組）第1名","D區（4排1號）"
249,"客家語朗讀","社會組",2,,"D",26,"客家語朗讀（社會組）第2名","D區（4排2號）"
250,"客家語朗讀","社會組",3,,"D",27,"客家語朗讀（社會組）第3名","D區（4排3號）"
251,"客家語朗讀","社會組",4,,"D",28,"客家語朗讀（社會組）第4名","D區（4排4號）"
252,"客家語朗讀","社會組",5,,"D",29,"客家語朗讀（社會組）第5名","D區（4排5號）"
253,"客家語朗讀","社會組",6,,"D",30,"客家語朗讀（社會組）第6名","D區（4排6號）"
254,"客家語朗讀","教大組",1,,"D",31,"客家語朗讀（教大組）第1名","D區（4排7號）"
255,"客家語朗讀","教大組",2,,"D",32,"客家語朗讀（教大組）第2名","D區（4排8號）"
256,"客家語朗讀","教大組",3,,"D",33,"客家語朗讀（教大組）第3名","D區（5排1號）"
257,"客家語朗讀","教大組",4,,"D",34,"客家語朗讀（教大組）第4名","D區（5排2號）"
258,"客家語朗讀","教大組",5,,"D",35,"客家語朗讀（教大組）第5名","D區（5排3號）"
259,"客家語朗讀","教大組",6,,"D",36,"客家語朗讀（教大組）第6名","D區（5排4號）"
458,"作文","國小學生組",1,,"D",37,"作文（國小學生組）第1名","D區（6排1號）"
459,"作文","國小學生組",2,,"D",38,"作文（國小學生組）第2名","D區（6排2號）"
460,"作文","國小學生組",3,,"D",39,"作文（國小學生組）第3名","D區（6排3號）"
461,"作文","國小學生組",4,,"D",40,"作文（國小學生組）第4名","D區（6排4號）"
462,"作文","國小學生組",5,,"D",41,"作文（國小學生組）第5名","D區（6排5號）"
463,"作文","國小學生組",6,,"D",42,"作文（國小學生組）第6名","D區（6排6號）"
464,"作文","國中學生組",1,,"D",43,"作文（國中學生組）第1名","D區（6排7號）"
465,"作文","國中學生組",2,,"D",44,"作文（國中學生組）第2名","D區（6排8號）"
466,"作文","國中學生組",3,,"D",45,"作文（國中學生組）第3名","D區（7排1號）"
467,"作文","國中學生組",4,,"D",46,"作文（國中學生組）第4名","D區（7排2號）"
468,"作文","國中學生組",5,,"D",47,"作文（國中學生組）第5名","D區（7排3號）"
469,"作文","國中學生組",6,,"D",48,"作文（國中學生組）第6名","D區（7排4號）"
470,"作文","高中學生組",1,,"D",49,"作文（高中學生組）第1名","D區（7排5號）"
471,"作文","高中學生組",2,,"D",50,"作文（高中學生組）第2名","D區（7排6號）"
472,"作文","高中學生組",3,,"D",51,"作文（高中學生組）第3名","D區（7排7號）"
473,"作文","高中學生組",4,,"D",52,"作文（高中學生組）第4名","D區（7排8號）"
474,"作文","高中學生組",5,,"D",53,"作文（高中學生組）第5名","D區（8排1號）"
475,"作文","高中學生組",6,,"D",54,"作文（高中學生組）第6名","D區（8排2號）"
476,"作文","教師組",1,,"D",55,"作文（教師組）第1名","D區（8排3號）"
477,"作文","教師組",2,,"D",56,"作文（教師組）第2名","D區（8排4號）"
478,"作文","教師組",3,,"D",57,"作文（教師組）第3名","D區（8排5號）"
479,"作文","教師組",4,,"D",58,"作文（教師組）第4名","D區（8排6號）"
480,"作文","教師組",5,,"D",59,"作文（教師組）第5名","D區（8排7號）"
481,"作文","教師組",6,,"D",60,"作文（教師組）第6名","D區（8排8號）"
482,"作文","社會組",1,,"D",61,"作文（社會組）第1名","D區（9排1號）"
483,"作文","社會組",2,,"D",62,"作文（社會組）第2名","D區（9排2號）"
484,"作文","社會組",3,,"D",63,"作文（社會組）第3名","D區（9排3號）"
485,"作文","社會組",4,,"D",64,"作文（社會組）第4名","D區（9排4號）"
486,"作文","社會組",5,,"D",65,"作文（社會組）第5名","D區（9排5號）"
487,"作文","社會組",6,,"D",66,"作文（社會組）第6名","D區（9排6號）"
488,"作文","教大組",1,,"D",67,"作文（教大組）第1名","D區（9排7號）"
489,"作文","教大組",2,,"D",68,"作文（教大組）第2名","D區（9排8號）"
490,"作文","教大組",3,,"D",69,"作文（教大組）第3名","D區（10排1號）"
491,"作文","教大組",4,,"D",70,"作文（教大組）第4名","D區（10排2號）"
492,"作文","教大組",5,,"D",71,"作文（教大組）第5名","D區（10排3號）"
493,"作文","教大組",6,,"D",72,"作文（教大組）第6名","D區（10排4號）"
260,"阿美族語朗讀","國小學生組",1,,"E",1,"阿美族語朗讀（國小學生組）第1名","E區（1排1號）"
261,"阿美族語朗讀","國小學生組",2,,"E",2,"阿美族語朗讀（國小學生組）第2名","E區（1排2號）"
262,"阿美族語朗讀","國小學生組",3,,"E",3,"阿美族語朗讀（國小學生組）第3名","E區（1排3號）"
263,"阿美族語朗讀","國小學生組",4,,"E",4,"阿美族語朗讀（國小學生組）第4名","E區（1排4號）"
264,"阿美族語朗讀","國小學生組",5,,"E",5,"阿美族語朗讀（國小學生組）第5名","E區（1排5號）"
265,"阿美族語朗讀","國小學生組",6,,"E",6,"阿美族語朗讀（國小學生組）第6名","E區（1排6號）"
278,"泰雅族語朗讀","國小學生組",1,,"E",7,"泰雅族語朗讀（國小學生組）第1名","E區（1排7號）"
279,"泰雅族語朗讀","國小學生組",2,,"E",8,"泰雅族語朗讀（國小學生組）第2名","E區（1排8號）"
280,"泰雅族語朗讀","國小學生組",3,,"E",9,"泰雅族語朗讀（國小學生組）第3名","E區（2排1號）"
281,"泰雅族語朗讀","國小學生組",4,,"E",10,"泰雅族語朗讀（國小學生組）第4名","E區（2排2號）"
282,"泰雅族語朗讀","國小學生組",5,,"E",11,"泰雅族語朗讀（國小學生組）第5名","E區（2排3號）"
283,"泰雅族語朗讀","國小學生組",6,,"E",12,"泰雅族語朗讀（國小學生組）第6名","E區（2排4號）"
296,"泰雅族語朗讀汶水泰雅語","國小學生組",1,,"E",13,"泰雅族語朗讀汶水泰雅語（國小學生組）第1名","E區（2排5號）"
299,"泰雅族語朗讀萬大泰雅語","國小學生組",1,,"E",14,"泰雅族語朗讀萬大泰雅語（國小學生組）第1名","E區（2排6號）"
302,"排灣族語朗讀","國小學生組",1,,"E",15,"排灣族語朗讀（國小學生組）第1名","E區（2排7號）"
303,"排灣族語朗讀","國小學生組",2,,"E",16,"排灣族語朗讀（國小學生組）第2名","E區（2排8號）"
304,"排灣族語朗讀","國小學生組",3,,"E",17,"排灣族語朗讀（國小學生組）第3名","E區（3排1號）"
305,"排灣族語朗讀","國小學生組",4,,"E",18,"排灣族語朗讀（國小學生組）第4名","E區（3排2號）"
306,"排灣族語朗讀","國小學生組",5,,"E",19,"排灣族語朗讀（國小學生組）第5名","E區（3排3號）"
307,"排灣族語朗讀","國小學生組",6,,"E",20,"排灣族語朗讀（國小學生組）第6名","E區（3排4號）"
320,"布農族語朗讀","國小學生組",1,,"E",21,"布農族語朗讀（國小學生組）第1名","E區（3排5號）"
321,"布農族語朗讀","國小學生組",2,,"E",22,"布農族語朗讀（國小學生組）第2名","E區（3排6號）"
322,"布農族語朗讀","國小學生組",3,,"E",23,"布農族語朗讀（國小學生組）第3名","E區（3排7號）"
323,"布農族語朗讀","國小學生組",4,,"E",24,"布農族語朗讀（國小學生組）第4名","E區（3排8號）"
324,"布農族語朗讀","國小學生組",5,,"E",25,"布農族語朗讀（國小學生組）第5名","E區（4排1號）"
325,"布農族語朗讀","國小學生組",6,,"E",26,"布農族語朗讀（國小學生組）第6名","E區（4排2號）"
338,"卑南族語朗讀","國小學生組",1,,"E",27,"卑南族語朗讀（國小學生組）第1名","E區（4排3號）"
339,"卑南族語朗讀","國小學生組",2,,"E",28,"卑南族語朗讀（國小學生組）第2名","E區（4排4號）"
340,"卑南族語朗讀","國小學生組",3,,"E",29,"卑南族語朗讀（國小學生組）第3名","E區（4排5號）"
341,"卑南族語朗讀","國小學生組",4,,"E",30,"卑南族語朗讀（國小學生組）第4名","E區（4排6號）"
342,"卑南族語朗讀","國小學生組",5,,"E",31,"卑南族語朗讀（國小學生組）第5名","E區（4排7號）"
352,"魯凱族語朗讀","國小學生組",1,,"E",32,"魯凱族語朗讀（國小學生組）第1名","E區（4排8號）"
353,"魯凱族語朗讀","國小學生組",2,,"E",33,"魯凱族語朗讀（國小學生組）第2名","E區（5排1號）"
354,"魯凱族語朗讀","國小學生組",3,,"E",34,"魯凱族語朗讀（國小學生組）第3名","E區（5排2號）"
355,"魯凱族語朗讀","國小學生組",4,,"E",35,"魯凱族語朗讀（國小學生組）第4名","E區（5排3號）"
356,"魯凱族語朗讀","國小學生組",5,,"E",36,"魯凱族語朗讀（國小學生組）第5名","E區（5排4號）"
367,"魯凱族語朗讀茂林魯凱語","國小學生組",1,,"E",37,"魯凱族語朗讀茂林魯凱語（國小學生組）第1名","E區（5排5號）"
369,"魯凱族語朗讀萬山魯凱語","國小學生組",1,,"E",38,"魯凱族語朗讀萬山魯凱語（國小學生組）第1名","E區（5排6號）"
373,"鄒族語朗讀","國小學生組",1,,"E",39,"鄒族語朗讀（國小學生組）第1名","E區（5排7號）"
374,"鄒族語朗讀","國小學生組",2,,"E",40,"鄒族語朗讀（國小學生組）第2名","E區（5排8號）"
375,"鄒族語朗讀","國小學生組",3,,"E",41,"鄒族語朗讀（國小學生組）第3名","E區（6排1號）"
376,"鄒族語朗讀","國小學生組",4,,"E",42,"鄒族語朗讀（國小學生組）第4名","E區（6排2號）"
382,"賽夏族語朗讀","國小學生組",1,,"E",43,"賽夏族語朗讀（國小學生組）第1名","E區（6排3號）"
383,"賽夏族語朗讀","國小學生組",2,,"E",44,"賽夏族語朗讀（國小學生組）第2名","E區（6排4號）"
384,"賽夏族語朗讀","國小學生組",3,,"E",45,"賽夏族語朗讀（國小學生組）第3名","E區（6排5號）"
385,"賽夏族語朗讀","國小學生組",4,,"E",46,"賽夏族語朗讀（國小學生組）第4名","E區（6排6號）"
394,"雅美族語朗讀","國小學生組",1,,"E",47,"雅美族語朗讀（國小學生組）第1名","E區（6排7號）"
397,"邵族語朗讀","國小學生組",1,,"E",48,"邵族語朗讀（國小學生組）第1名","E區（6排8號）"
400,"噶瑪蘭族語朗讀","國小學生組",1,,"E",49,"噶瑪蘭族語朗讀（國小學生組）第1名","E區（7排1號）"
401,"噶瑪蘭族語朗讀","國小學生組",2,,"E",50,"噶瑪蘭族語朗讀（國小學生組）第2名","E區（7排2號）"
406,"太魯閣族語朗讀","國小學生組",1,,"E",51,"太魯閣族語朗讀（國小學生組）第1名","E區（7排3號）"
407,"太魯閣族語朗讀","國小學生組",2,,"E",52,"太魯閣族語朗讀（國小學生組）第2名","E區（7排4號）"
408,"太魯閣族語朗讀","國小學生組",3,,"E",53,"太魯閣族語朗讀（國小學生組）第3名","E區（7排5號）"
409,"太魯閣族語朗讀","國小學生組",4,,"E",54,"太魯閣族語朗讀（國小學生組）第4名","E區（7排6號）"
410,"太魯閣族語朗讀","國小學生組",5,,"E",55,"太魯閣族語朗讀（國小學生組）第5名","E區（7排7號）"
411,"太魯閣族語朗讀","國小學生組",6,,"E",56,"太魯閣族語朗讀（國小學生組）第6名","E區（7排8號）"
422,"撒奇萊雅族語朗讀","國小學生組",1,,"E",57,"撒奇萊雅族語朗讀（國小學生組）第1名","E區（8排1號）"
423,"撒奇萊雅族語朗讀","國小學生組",2,,"E",58,"撒奇萊雅族語朗讀（國小學生組）第2名","E區（8排2號）"
424,"撒奇萊雅族語朗讀","國小學生組",3,,"E",59,"撒奇萊雅族語朗讀（國小學生組）第3名","E區（8排3號）"
425,"撒奇萊雅族語朗讀","國小學生組",4,,"E",60,"撒奇萊雅族語朗讀（國小學生組）第4名","E區（8排4號）"
426,"撒奇萊雅族語朗讀","國小學生組",5,,"E",61,"撒奇萊雅族語朗讀（國小學生組）第5名","E區（8排5號）"
427,"撒奇萊雅族語朗讀","國小學生組",6,,"E",62,"撒奇萊雅族語朗讀（國小學生組）第6名","E區（8排6號）"
434,"賽德克族語朗讀","國小學生組",1,,"E",63,"賽德克族語朗讀（國小學生組）第1名","E區（8排7號）"
435,"賽德克族語朗讀","國小學生組",2,,"E",64,"賽德克族語朗讀（國小學生組）第2名","E區（8排8號）"
436,"賽德克族語朗讀","國小學生組",3,,"E",65,"賽德克族語朗讀（國小學生組）第3名","E區（9排1號）"
437,"賽德克族語朗讀","國小學生組",4,,"E",66,"賽德克族語朗讀（國小學生組）第4名","E區（9排2號）"
438,"賽德克族語朗讀","國小學生組",5,,"E",67,"賽德克族語朗讀（國小學生組）第5名","E區（9排3號）"
439,"賽德克族語朗讀","國小學生組",6,,"E",68,"賽德克族語朗讀（國小學生組）第6名","E區（9排4號）"
452,"拉阿魯哇族語朗讀","國小學生組",1,,"E",69,"拉阿魯哇族語朗讀（國小學生組）第1名","E區（9排5號）"
455,"卡那卡那富族語朗讀","國小學生組",1,,"E",70,"卡那卡那富族語朗讀（國小學生組）第1名","E區（9排6號）"
266,"阿美族語朗讀","國中學生組",1,,"F",1,"阿美族語朗讀（國中學生組）第1名","F區（1排1號）"
267,"阿美族語朗讀","國中學生組",2,,"F",2,"阿美族語朗讀（國中學生組）第2名","F區（1排2號）"
268,"阿美族語朗讀","國中學生組",3,,"F",3,"阿美族語朗讀（國中學生組）第3名","F區（1排3號）"
269,"阿美族語朗讀","國中學生組",4,,"F",4,"阿美族語朗讀（國中學生組）第4名","F區（1排4號）"
270,"阿美族語朗讀","國中學生組",5,,"F",5,"阿美族語朗讀（國中學生組）第5名","F區（1排5號）"
271,"阿美族語朗讀","國中學生組",6,,"F",6,"阿美族語朗讀（國中學生組）第6名","F區（1排6號）"
284,"泰雅族語朗讀","國中學生組",1,,"F",7,"泰雅族語朗讀（國中學生組）第1名","F區（1排7號）"
285,"泰雅族語朗讀","國中學生組",2,,"F",8,"泰雅族語朗讀（國中學生組）第2名","F區（1排8號）"
286,"泰雅族語朗讀","國中學生組",3,,"F",9,"泰雅族語朗讀（國中學生組）第3名","F區（2排1號）"
287,"泰雅族語朗讀","國中學生組",4,,"F",10,"泰雅族語朗讀（國中學生組）第4名","F區（2排2號）"
288,"泰雅族語朗讀","國中學生組",5,,"F",11,"泰雅族語朗讀（國中學生組）第5名","F區（2排3號）"
289,"泰雅族語朗讀","國中學生組",6,,"F",12,"泰雅族語朗讀（國中學生組）第6名","F區（2排4號）"
297,"泰雅族語朗讀汶水泰雅語","國中學生組",1,,"F",13,"泰雅族語朗讀汶水泰雅語（國中學生組）第1名","F區（2排5號）"
300,"泰雅族語朗讀萬大泰雅語","國中學生組",1,,"F",14,"泰雅族語朗讀萬大泰雅語（國中學生組）第1名","F區（2排6號）"
308,"排灣族語朗讀","國中學生組",1,,"F",15,"排灣族語朗讀（國中學生組）第1名","F區（2排7號）"
309,"排灣族語朗讀","國中學生組",2,,"F",16,"排灣族語朗讀（國中學生組）第2名","F區（2排8號）"
310,"排灣族語朗讀","國中學生組",3,,"F",17,"排灣族語朗讀（國中學生組）第3名","F區（3排1號）"
311,"排灣族語朗讀","國中學生組",4,,"F",18,"排灣族語朗讀（國中學生組）第4名","F區（3排2號）"
312,"排灣族語朗讀","國中學生組",5,,"F",19,"排灣族語朗讀（國中學生組）第5名","F區（3排3號）"
313,"排灣族語朗讀","國中學生組",6,,"F",20,"排灣族語朗讀（國中學生組）第6名","F區（3排4號）"
326,"布農族語朗讀","國中學生組",1,,"F",21,"布農族語朗讀（國中學生組）第1名","F區（3排5號）"
327,"布農族語朗讀","國中學生組",2,,"F",22,"布農族語朗讀（國中學生組）第2名","F區（3排6號）"
328,"布農族語朗讀","國中學生組",3,,"F",23,"布農族語朗讀（國中學生組）第3名","F區（3排7號）"
329,"布農族語朗讀","國中學生組",4,,"F",24,"布農族語朗讀（國中學生組）第4名","F區（3排8號）"
330,"布農族語朗讀","國中學生組",5,,"F",25,"布農族語朗讀（國中學生組）第5名","F區（4排1號）"
331,"布農族語朗讀","國中學生組",6,,"F",26,"布農族語朗讀（國中學生組）第6名","F區（4排2號）"
343,"卑南族語朗讀","國中學生組",1,,"F",27,"卑南族語朗讀（國中學生組）第1名","F區（4排3號）"
344,"卑南族語朗讀","國中學生組",2,,"F",28,"卑南族語朗讀（國中學生組）第2名","F區（4排4號）"
345,"卑南族語朗讀","國中學生組",3,,"F",29,"卑南族語朗讀（國中學生組）第3名","F區（4排5號）"
346,"卑南族語朗讀","國中學生組",4,,"F",30,"卑南族語朗讀（國中學生組）第4名","F區（4排6號）"
347,"卑南族語朗讀","國中學生組",5,,"F",31,"卑南族語朗讀（國中學生組）第5名","F區（4排7號）"
357,"魯凱族語朗讀","國中學生組",1,,"F",32,"魯凱族語朗讀（國中學生組）第1名","F區（4排8號）"
358,"魯凱族語朗讀","國中學生組",2,,"F",33,"魯凱族語朗讀（國中學生組）第2名","F區（5排1號）"
359,"魯凱族語朗讀","國中學生組",3,,"F",34,"魯凱族語朗讀（國中學生組）第3名","F區（5排2號）"
360,"魯凱族語朗讀","國中學生組",4,,"F",35,"魯凱族語朗讀（國中學生組）第4名","F區（5排3號）"
365,"魯凱族語朗讀多納魯凱語","國中學生組",1,,"F",36,"魯凱族語朗讀多納魯凱語（國中學生組）第1名","F區（5排4號）"
368,"魯凱族語朗讀茂林魯凱語","國中學生組",1,,"F",37,"魯凱族語朗讀茂林魯凱語（國中學生組）第1名","F區（5排5號）"
370,"魯凱族語朗讀萬山魯凱語","國中學生組",1,,"F",38,"魯凱族語朗讀萬山魯凱語（國中學生組）第1名","F區（5排6號）"
371,"魯凱族語朗讀萬山魯凱語","國中學生組",2,,"F",39,"魯凱族語朗讀萬山魯凱語（國中學生組）第2名","F區（5排7號）"
377,"鄒族語朗讀","國中學生組",1,,"F",40,"鄒族語朗讀（國中學生組）第1名","F區（5排8號）"
378,"鄒族語朗讀","國中學生組",2,,"F",41,"鄒族語朗讀（國中學生組）第2名","F區（6排1號）"
379,"鄒族語朗讀","國中學生組",3,,"F",42,"鄒族語朗讀（國中學生組）第3名","F區（6排2號）"
386,"賽夏族語朗讀","國中學生組",1,,"F",43,"賽夏族語朗讀（國中學生組）第1名","F區（6排3號）"
387,"賽夏族語朗讀","國中學生組",2,,"F",44,"賽夏族語朗讀（國中學生組）第2名","F區（6排4號）"
388,"賽夏族語朗讀","國中學生組",3,,"F",45,"賽夏族語朗讀（國中學生組）第3名","F區（6排5號）"
389,"賽夏族語朗讀","國中學生組",4,,"F",46,"賽夏族語朗讀（國中學生組）第4名","F區（6排6號）"
395,"雅美族語朗讀","國中學生組",1,,"F",47,"雅美族語朗讀（國中學生組）第1名","F區（6排7號）"
396,"雅美族語朗讀","國中學生組",2,,"F",48,"雅美族語朗讀（國中學生組）第2名","F區（6排8號）"
398,"邵族語朗讀","國中學生組",1,,"F",49,"邵族語朗讀（國中學生組）第1名","F區（7排1號）"
402,"噶瑪蘭族語朗讀","國中學生組",1,,"F",50,"噶瑪蘭族語朗讀（國中學生組）第1名","F區（7排2號）"
403,"噶瑪蘭族語朗讀","國中學生組",2,,"F",51,"噶瑪蘭族語朗讀（國中學生組）第2名","F區（7排3號）"
404,"噶瑪蘭族語朗讀","國中學生組",3,,"F",52,"噶瑪蘭族語朗讀（國中學生組）第3名","F區（7排4號）"
412,"太魯閣族語朗讀","國中學生組",1,,"F",53,"太魯閣族語朗讀（國中學生組）第1名","F區（7排5號）"
413,"太魯閣族語朗讀","國中學生組",2,,"F",54,"太魯閣族語朗讀（國中學生組）第2名","F區（7排6號）"
414,"太魯閣族語朗讀","國中學生組",3,,"F",55,"太魯閣族語朗讀（國中學生組）第3名","F區（7排7號）"
415,"太魯閣族語朗讀","國中學生組",4,,"F",56,"太魯閣族語朗讀（國中學生組）第4名","F區（7排8號）"
416,"太魯閣族語朗讀","國中學生組",5,,"F",57,"太魯閣族語朗讀（國中學生組）第5名","F區（8排1號）"
417,"太魯閣族語朗讀","國中學生組",6,,"F",58,"太魯閣族語朗讀（國中學生組）第6名","F區（8排2號）"
428,"撒奇萊雅族語朗讀","國中學生組",1,,"F",59,"撒奇萊雅族語朗讀（國中學生組）第1名","F區（8排3號）"
429,"撒奇萊雅族語朗讀","國中學生組",2,,"F",60,"撒奇萊雅族語朗讀（國中學生組）第2名","F區（8排4號）"
430,"撒奇萊雅族語朗讀","國中學生組",3,,"F",61,"撒奇萊雅族語朗讀（國中學生組）第3名","F區（8排5號）"
431,"撒奇萊雅族語朗讀","國中學生組",4,,"F",62,"撒奇萊雅族語朗讀（國中學生組）第4名","F區（8排6號）"
440,"賽德克族語朗讀","國中學生組",1,,"F",63,"賽德克族語朗讀（國中學生組）第1名","F區（8排7號）"
441,"賽德克族語朗讀","國中學生組",2,,"F",64,"賽德克族語朗讀（國中學生組）第2名","F區（8排8號）"
442,"賽德克族語朗讀","國中學生組",3,,"F",65,"賽德克族語朗讀（國中學生組）第3名","F區（9排1號）"
443,"賽德克族語朗讀","國中學生組",4,,"F",66,"賽德克族語朗讀（國中學生組）第4名","F區（9排2號）"
444,"賽德克族語朗讀","國中學生組",5,,"F",67,"賽德克族語朗讀（國中學生組）第5名","F區（9排3號）"
445,"賽德克族語朗讀","國中學生組",6,,"F",68,"賽德克族語朗讀（國中學生組）第6名","F區（9排4號）"
453,"拉阿魯哇族語朗讀","國中學生組",1,,"F",69,"拉阿魯哇族語朗讀（國中學生組）第1名","F區（9排5號）"
454,"拉阿魯哇族語朗讀","國中學生組",2,,"F",70,"拉阿魯哇族語朗讀（國中學生組）第2名","F區（9排6號）"
456,"卡那卡那富族語朗讀","國中學生組",1,,"F",71,"卡那卡那富族語朗讀（國中學生組）第1名","F區（9排7號）"
272,"阿美族語朗讀","高中學生組",1,,"G",1,"阿美族語朗讀（高中學生組）第1名","G區（1排1號）"
273,"阿美族語朗讀","高中學生組",2,,"G",2,"阿美族語朗讀（高中學生組）第2名","G區（1排2號）"
274,"阿美族語朗讀","高中學生組",3,,"G",3,"阿美族語朗讀（高中學生組）第3名","G區（1排3號）"
275,"阿美族語朗讀","高中學生組",4,,"G",4,"阿美族語朗讀（高中學生組）第4名","G區（1排4號）"
276,"阿美族語朗讀","高中學生組",5,,"G",5,"阿美族語朗讀（高中學生組）第5名","G區（1排5號）"
277,"阿美族語朗讀","高中學生組",6,,"G",6,"阿美族語朗讀（高中學生組）第6名","G區（1排6號）"
290,"泰雅族語朗讀","高中學生組",1,,"G",7,"泰雅族語朗讀（高中學生組）第1名","G區（1排7號）"
291,"泰雅族語朗讀","高中學生組",2,,"G",8,"泰雅族語朗讀（高中學生組）第2名","G區（1排8號）"
292,"泰雅族語朗讀","高中學生組",3,,"G",9,"泰雅族語朗讀（高中學生組）第3名","G區（2排1號）"
293,"泰雅族語朗讀","高中學生組",4,,"G",10,"泰雅族語朗讀（高中學生組）第4名","G區（2排2號）"
294,"泰雅族語朗讀","高中學生組",5,,"G",11,"泰雅族語朗讀（高中學生組）第5名","G區（2排3號）"
295,"泰雅族語朗讀","高中學生組",6,,"G",12,"泰雅族語朗讀（高中學生組）第6名","G區（2排4號）"
298,"泰雅族語朗讀汶水泰雅語","高中學生組",1,,"G",13,"泰雅族語朗讀汶水泰雅語（高中學生組）第1名","G區（2排5號）"
301,"泰雅族語朗讀萬大泰雅語","高中學生組",1,,"G",14,"泰雅族語朗讀萬大泰雅語（高中學生組）第1名","G區（2排6號）"
314,"排灣族語朗讀","高中學生組",1,,"G",15,"排灣族語朗讀（高中學生組）第1名","G區（2排7號）"
315,"排灣族語朗讀","高中學生組",2,,"G",16,"排灣族語朗讀（高中學生組）第2名","G區（2排8號）"
316,"排灣族語朗讀","高中學生組",3,,"G",17,"排灣族語朗讀（高中學生組）第3名","G區（3排1號）"
317,"排灣族語朗讀","高中學生組",4,,"G",18,"排灣族語朗讀（高中學生組）第4名","G區（3排2號）"
318,"排灣族語朗讀","高中學生組",5,,"G",19,"排灣族語朗讀（高中學生組）第5名","G區（3排3號）"
319,"排灣族語朗讀","高中學生組",6,,"G",20,"排灣族語朗讀（高中學生組）第6名","G區（3排4號）"
332,"布農族語朗讀","高中學生組",1,,"G",21,"布農族語朗讀（高中學生組）第1名","G區（3排5號）"
333,"布農族語朗讀","高中學生組",2,,"G",22,"布農族語朗讀（高中學生組）第2名","G區（3排6號）"
334,"布農族語朗讀","高中學生組",3,,"G",23,"布農族語朗讀（高中學生組）第3名","G區（3排7號）"
335,"布農族語朗讀","高中學生組",4,,"G",24,"布農族語朗讀（高中學生組）第4名","G區（3排8號）"
336,"布農族語朗讀","高中學生組",5,,"G",25,"布農族語朗讀（高中學生組）第5名","G區（4排1號）"
337,"布農族語朗讀","高中學生組",6,,"G",26,"布農族語朗讀（高中學生組）第6名","G區（4排2號）"
348,"卑南族語朗讀","高中學生組",1,,"G",27,"卑南族語朗讀（高中學生組）第1名","G區（4排3號）"
349,"卑南族語朗讀","高中學生組",2,,"G",28,"卑南族語朗讀（高中學生組）第2名","G區（4排4號）"
350,"卑南族語朗讀","高中學生組",3,,"G",29,"卑南族語朗讀（高中學生組）第3名","G區（4排5號）"
351,"卑南族語朗讀","高中學生組",4,,"G",30,"卑南族語朗讀（高中學生組）第4名","G區（4排6號）"
361,"魯凱族語朗讀","高中學生組",1,,"G",31,"魯凱族語朗讀（高中學生組）第1名","G區（4排7號）"
362,"魯凱族語朗讀","高中學生組",2,,"G",32,"魯凱族語朗讀（高中學生組）第2名","G區（4排8號）"
363,"魯凱族語朗讀","高中學生組",3,,"G",33,"魯凱族語朗讀（高中學生組）第3名","G區（5排1號）"
364,"魯凱族語朗讀","高中學生組",4,,"G",34,"魯凱族語朗讀（高中學生組）第4名","G區（5排2號）"
366,"魯凱族語朗讀多納魯凱語","高中學生組",1,,"G",35,"魯凱族語朗讀多納魯凱語（高中學生組）第1名","G區（5排3號）"
372,"魯凱族語朗讀萬山魯凱語","高中學生組",1,,"G",36,"魯凱族語朗讀萬山魯凱語（高中學生組）第1名","G區（5排4號）"
380,"鄒族語朗讀","高中學生組",1,,"G",37,"鄒族語朗讀（高中學生組）第1名","G區（5排5號）"
381,"鄒族語朗讀","高中學生組",2,,"G",38,"鄒族語朗讀（高中學生組）第2名","G區（5排6號）"
390,"賽夏族語朗讀","高中學生組",1,,"G",39,"賽夏族語朗讀（高中學生組）第1名","G區（5排7號）"
391,"賽夏族語朗讀","高中學生組",2,,"G",40,"賽夏族語朗讀（高中學生組）第2名","G區（5排8號）"
392,"賽夏族語朗讀","高中學生組",3,,"G",41,"賽夏族語朗讀（高中學生組）第3名","G區（6排1號）"
393,"賽夏族語朗讀","高中學生組",4,,"G",42,"賽夏族語朗讀（高中學生組）第4名","G區（6排2號）"
399,"邵族語朗讀","高中學生組",1,,"G",43,"邵族語朗讀（高中學生組）第1名","G區（6排3號）"
405,"噶瑪蘭族語朗讀","高中學生組",1,,"G",44,"噶瑪蘭族語朗讀（高中學生組）第1名","G區（6排4號）"
418,"太魯閣族語朗讀","高中學生組",1,,"G",45,"太魯閣族語朗讀（高中學生組）第1名","G區（6排5號）"
419,"太魯閣族語朗讀","高中學生組",2,,"G",46,"太魯閣族語朗讀（高中學生組）第2名","G區（6排6號）"
420,"太魯閣族語朗讀","高中學生組",3,,"G",47,"太魯閣族語朗讀（高中學生組）第3名","G區（6排7號）"
421,"太魯閣族語朗讀","高中學生組",4,,"G",48,"太魯閣族語朗讀（高中學生組）第4名","G區（6排8號）"
432,"撒奇萊雅族語朗讀","高中學生組",1,,"G",49,"撒奇萊雅族語朗讀（高中學生組）第1名","G區（7排1號）"
433,"撒奇萊雅族語朗讀","高中學生組",2,,"G",50,"撒奇萊雅族語朗讀（高中學生組）第2名","G區（7排2號）"
446,"賽德克族語朗讀","高中學生組",1,,"G",51,"賽德克族語朗讀（高中學生組）第1名","G區（7排3號）"
447,"賽德克族語朗讀","高中學生組",2,,"G",52,"賽德克族語朗讀（高中學生組）第2名","G區（7排4號）"
448,"賽德克族語朗讀","高中學生組",3,,"G",53,"賽德克族語朗讀（高中學生組）第3名","G區（7排5號）"
449,"賽德克族語朗讀","高中學生組",4,,"G",54,"賽德克族語朗讀（高中學生組）第4名","G區（7排6號）"
450,"賽德克族語朗讀","高中學生組",5,,"G",55,"賽德克族語朗讀（高中學生組）第5名","G區（7排7號）"
451,"賽德克族語朗讀","高中學生組",6,,"G",56,"賽德克族語朗讀（高中學生組）第6名","G區（7排8號）"
457,"卡那卡那富族語朗讀","高中學生組",1,,"G",57,"卡那卡那富族語朗讀（高中學生組）第1名","G區（8排1號）"
494,"寫字","國小學生組",1,,"H",1,"寫字（國小學生組）第1名","H區（1排1號）"
495,"寫字","國小學生組",2,,"H",2,"寫字（國小學生組）第2名","H區（1排2號）"
496,"寫字","國小學生組",3,,"H",3,"寫字（國小學生組）第3名","H區（1排3號）"
497,"寫字","國小學生組",4,,"H",4,"寫字（國小學生組）第4名","H區（1排4號）"
498,"寫字","國小學生組",5,,"H",5,"寫字（國小學生組）第5名","H區（1排5號）"
499,"寫字","國小學生組",6,,"H",6,"寫字（國小學生組）第6名","H區（1排6號）"
500,"寫字","國中學生組",1,,"H",7,"寫字（國中學生組）第1名","H區（1排7號）"
501,"寫字","國中學生組",2,,"H",8,"寫字（國中學生組）第2名","H區（1排8號）"
502,"寫字","國中學生組",3,,"H",9,"寫字（國中學生組）第3名","H區（2排1號）"
503,"寫字","國中學生組",4,,"H",10,"寫字（國中學生組）第4名","H區（2排2號）"
504,"寫字","國中學生組",5,,"H",11,"寫字（國中學生組）第5名","H區（2排3號）"
505,"寫字","國中學生組",6,,"H",12,"寫字（國中學生組）第6名","H區（2排4號）"
506,"寫字","高中學生組",1,,"H",13,"寫字（高中學生組）第1名","H區（2排5號）"
507,"寫字","高中學生組",2,,"H",14,"寫字（高中學生組）第2名","H區（2排6號）"
508,"寫字","高中學生組",3,,"H",15,"寫字（高中學生組）第3名","H區（2排7號）"
509,"寫字","高中學生組",4,,"H",16,"寫字（高中學生組）第4名","H區（2排8號）"
510,"寫字","高中學生組",5,,"H",17,"寫字（高中學生組）第5名","H區（3排1號）"
511,"寫字","高中學生組",6,,"H",18,"寫字（高中學生組）第6名","H區（3排2號）"
512,"寫字","教師組",1,,"H",19,"寫字（教師組）第1名","H區（3排3號）"
513,"寫字","教師組",2,,"H",20,"寫字（教師組）第2名","H區（3排4號）"
514,"寫字","教師組",3,,"H",21,"寫字（教師組）第3名","H區（3排5號）"
515,"寫字","教師組",4,,"H",22,"寫字（教師組）第4名","H區（3排6號）"
516,"寫字","教師組",5,,"H",23,"寫字（教師組）第5名","H區（3排7號）"
517,"寫字","教師組",6,,"H",24,"寫字（教師組）第6名","H區（3排8號）"
518,"寫字","社會組",1,,"H",25,"寫字（社會組）第1名","H區（4排1號）"
519,"寫字","社會組",2,,"H",26,"寫字（社會組）第2名","H區（4排2號）"
520,"寫字","社會組",3,,"H",27,"寫字（社會組）第3名","H區（4排3號）"
521,"寫字","社會組",4,,"H",28,"寫字（社會組）第4名","H區（4排4號）"
522,"寫字","社會組",5,,"H",29,"寫字（社會組）第5名","H區（4排5號）"
523,"寫字","社會組",6,,"H",30,"寫字（社會組）第6名","H區（4排6號）"
524,"寫字","教大組",1,,"H",31,"寫字（教大組）第1名","H區（4排7號）"
525,"寫字","教大組",2,,"H",32,"寫字（教大組）第2名","H區（4排8號）"
526,"寫字","教大組",3,,"H",33,"寫字（教大組）第3名","H區（5排1號）"
527,"寫字","教大組",4,,"H",34,"寫字（教大組）第4名","H區（5排2號）"
528,"寫字","教大組",5,,"H",35,"寫字（教大組）第5名","H區（5排3號）"
529,"寫字","教大組",6,,"H",36,"寫字（教大組）第6名","H區（5排4號）"
530,"國語字音字形","國小學生組",1,,"H",37,"國語字音字形（國小學生組）第1名","H區（6排1號）"
531,"國語字音字形","國小學生組",2,,"H",38,"國語字音字形（國小學生組）第2名","H區（6排2號）"
532,"國語字音字形","國小學生組",3,,"H",39,"國語字音字形（國小學生組）第3名","H區（6排3號）"
533,"國語字音字形","國小學生組",4,,"H",40,"國語字音字形（國小學生組）第4名","H區（6排4號）"
534,"國語字音字形","國小學生組",5,,"H",41,"國語字音字形（國小學生組）第5名","H區（6排5號）"
535,"國語字音字形","國小學生組",6,,"H",42,"國語字音字形（國小學生組）第6名","H區（6排6號）"
536,"國語字音字形","國中學生組",1,,"H",43,"國語字音字形（國中學生組）第1名","H區（6排7號）"
537,"國語字音字形","國中學生組",2,,"H",44,"國語字音字形（國中學生組）第2名","H區（6排8號）"
538,"國語字音字形","國中學生組",3,,"H",45,"國語字音字形（國中學生組）第3名","H區（7排1號）"
539,"國語字音字形","國中學生組",4,,"H",46,"國語字音字形（國中學生組）第4名","H區（7排2號）"
540,"國語字音字形","國中學生組",5,,"H",47,"國語字音字形（國中學生組）第5名","H區（7排3號）"
541,"國語字音字形","國中學生組",6,,"H",48,"國語字音字形（國中學生組）第6名","H區（7排4號）"
542,"國語字音字形","高中學生組",1,,"H",49,"國語字音字形（高中學生組）第1名","H區（7排5號）"
543,"國語字音字形","高中學生組",2,,"H",50,"國語字音字形（高中學生組）第2名","H區（7排6號）"
544,"國語字音字形","高中學生組",3,,"H",51,"國語字音字形（高中學生組）第3名","H區（7排7號）"
545,"國語字音字形","高中學生組",4,,"H",52,"國語字音字形（高中學生組）第4名","H區（7排8號）"
546,"國語字音字形","高中學生組",5,,"H",53,"國語字音字形（高中學生組）第5名","H區（8排1號）"
547,"國語字音字形","高中學生組",6,,"H",54,"國語字音字形（高中學生組）第6名","H區（8排2號）"
548,"國語字音字形","教師組",1,,"H",55,"國語字音字形（教師組）第1名","H區（8排3號）"
549,"國語字音字形","教師組",2,,"H",56,"國語字音字形（教師組）第2名","H區（8排4號）"
550,"國語字音字形","教師組",3,,"H",57,"國語字音字形（教師組）第3名","H區（8排5號）"
551,"國語字音字形","教師組",4,,"H",58,"國語字音字形（教師組）第4名","H區（8排6號）"
552,"國語字音字形","教師組",5,,"H",59,"國語字音字形（教師組）第5名","H區（8排7號）"
553,"國語字音字形","教師組",6,,"H",60,"國語字音字形（教師組）第6名","H區（8排8號）"
554,"國語字音字形","社會組",1,,"H",61,"國語字音字形（社會組）第1名","H區（9排1號）"
555,"國語字音字形","社會組",2,,"H",62,"國語字音字形（社會組）第2名","H區（9排2號）"
556,"國語字音字形","社會組",3,,"H",63,"國語字音字形（社會組）第3名","H區（9排3號）"
557,"國語字音字形","社會組",4,,"H",64,"國語字音字形（社會組）第4名","H區（9排4號）"
558,"國語字音字形","社會組",5,,"H",65,"國語字音字形（社會組）第5名","H區（9排5號）"
559,"國語字音字形","社會組",6,,"H",66,"國語字音字形（社會組）第6名","H區（9排6號）"
560,"國語字音字形","教大組",1,,"H",67,"國語字音字形（教大組）第1名","H區（9排7號）"
561,"國語字音字形","教大組",2,,"H",68,"國語字音字形（教大組）第2名","H區（9排8號）"
562,"國語字音字形","教大組",3,,"H",69,"國語字音字形（教大組）第3名","H區（10排1號）"
563,"國語字音字形","教大組",4,,"H",70,"國語字音字形（教大組）第4名","H區（10排2號）"
564,"國語字音字形","教大組",5,,"H",71,"國語字音字形（教大組）第5名","H區（10排3號）"
565,"國語字音字形","教大組",6,,"H",72,"國語字音字形（教大組）第6名","H區（10排4號）"
566,"閩南語字音字形","國小學生組",1,,"I",1,"閩南語字音字形（國小學生組）第1名","I區（1排1號）"
567,"閩南語字音字形","國小學生組",2,,"I",2,"閩南語字音字形（國小學生組）第2名","I區（1排2號）"
568,"閩南語字音字形","國小學生組",3,,"I",3,"閩南語字音字形（國小學生組）第3名","I區（1排3號）"
569,"閩南語字音字形","國小學生組",4,,"I",4,"閩南語字音字形（國小學生組）第4名","I區（1排4號）"
570,"閩南語字音字形","國小學生組",5,,"I",5,"閩南語字音字形（國小學生組）第5名","I區（1排5號）"
571,"閩南語字音字形","國小學生組",6,,"I",6,"閩南語字音字形（國小學生組）第6名","I區（1排6號）"
572,"閩南語字音字形","國中學生組",1,,"I",7,"閩南語字音字形（國中學生組）第1名","I區（1排7號）"
573,"閩南語字音字形","國中學生組",2,,"I",8,"閩南語字音字形（國中學生組）第2名","I區（1排8號）"
574,"閩南語字音字形","國中學生組",3,,"I",9,"閩南語字音字形（國中學生組）第3名","I區（2排1號）"
575,"閩南語字音字形","國中學生組",4,,"I",10,"閩南語字音字形（國中學生組）第4名","I區（2排2號）"
576,"閩南語字音字形","國中學生組",5,,"I",11,"閩南語字音字形（國中學生組）第5名","I區（2排3號）"
577,"閩南語字音字形","國中學生組",6,,"I",12,"閩南語字音字形（國中學生組）第6名","I區（2排4號）"
578,"閩南語字音字形","高中學生組",1,,"I",13,"閩南語字音字形（高中學生組）第1名","I區（2排5號）"
579,"閩南語字音字形","高中學生組",2,,"I",14,"閩南語字音字形（高中學生組）第2名","I區（2排6號）"
580,"閩南語字音字形","高中學生組",3,,"I",15,"閩南語字音字形（高中學生組）第3名","I區（2排7號）"
581,"閩南語字音字形","高中學生組",4,,"I",16,"閩南語字音字形（高中學生組）第4名","I區（2排8號）"
582,"閩南語字音字形","高中學生組",5,,"I",17,"閩南語字音字形（高中學生組）第5名","I區（3排1號）"
583,"閩南語字音字形","高中學生組",6,,"I",18,"閩南語字音字形（高中學生組）第6名","I區（3排2號）"
584,"閩南語字音字形","教師組",1,,"I",19,"閩南語字音字形（教師組）第1名","I區（3排3號）"
585,"閩南語字音字形","教師組",2,,"I",20,"閩南語字音字形（教師組）第2名","I區（3排4號）"
586,"閩南語字音字形","教師組",3,,"I",21,"閩南語字音字形（教師組）第3名","I區（3排5號）"
587,"閩南語字音字形","教師組",4,,"I",22,"閩南語字音字形（教師組）第4名","I區（3排6號）"
588,"閩南語字音字形","教師組",5,,"I",23,"閩南語字音字形（教師組）第5名","I區（3排7號）"
589,"閩南語字音字形","教師組",6,,"I",24,"閩南語字音字形（教師組）第6名","I區（3排8號）"
590,"閩南語字音字形","社會組",1,,"I",25,"閩南語字音字形（社會組）第1名","I區（4排1號）"
591,"閩南語字音字形","社會組",2,,"I",26,"閩南語字音字形（社會組）第2名","I區（4排2號）"
592,"閩南語字音字形","社會組",3,,"I",27,"閩南語字音字形（社會組）第3名","I區（4排3號）"
593,"閩南語字音字形","社會組",4,,"I",28,"閩南語字音字形（社會組）第4名","I區（4排4號）"
594,"閩南語字音字形","社會組",5,,"I",29,"閩南語字音字形（社會組）第5名","I區（4排5號）"
595,"閩南語字音字形","社會組",6,,"I",30,"閩南語字音字形（社會組）第6名","I區（4排6號）"
596,"閩南語字音字形","教大組",1,,"I",31,"閩南語字音字形（教大組）第1名","I區（4排7號）"
597,"閩南語字音字形","教大組",2,,"I",32,"閩南語字音字形（教大組）第2名","I區（4排8號）"
598,"閩南語字音字形","教大組",3,,"I",33,"閩南語字音字形（教大組）第3名","I區（5排1號）"
599,"閩南語字音字形","教大組",4,,"I",34,"閩南語字音字形（教大組）第4名","I區（5排2號）"
600,"閩南語字音字形","教大組",5,,"I",35,"閩南語字音字形（教大組）第5名","I區（5排3號）"
601,"閩南語字音字形","教大組",6,,"I",36,"閩南語字音字形（教大組）第6名","I區（5排4號）"
602,"客家語字音字形","國小學生組",1,,"I",37,"客家語字音字形（國小學生組）第1名","I區（6排1號）"
603,"客家語字音字形","國小學生組",2,,"I",38,"客家語字音字形（國小學生組）第2名","I區（6排2號）"
604,"客家語字音字形","國小學生組",3,,"I",39,"客家語字音字形（國小學生組）第3名","I區（6排3號）"
605,"客家語字音字形","國小學生組",4,,"I",40,"客家語字音字形（國小學生組）第4名","I區（6排4號）"
606,"客家語字音字形","國小學生組",5,,"I",41,"客家語字音字形（國小學生組）第5名","I區（6排5號）"
607,"客家語字音字形","國小學生組",6,,"I",42,"客家語字音字形（國小學生組）第6名","I區（6排6號）"
608,"客家語字音字形","國中學生組",1,,"I",43,"客家語字音字形（國中學生組）第1名","I區（6排7號）"
609,"客家語字音字形","國中學生組",2,,"I",44,"客家語字音字形（國中學生組）第2名","I區（6排8號）"
610,"客家語字音字形","國中學生組",3,,"I",45,"客家語字音字形（國中學生組）第3名","I區（7排1號）"
611,"客家語字音字形","國中學生組",4,,"I",46,"客家語字音字形（國中學生組）第4名","I區（7排2號）"
612,"客家語字音字形","國中學生組",5,,"I",47,"客家語字音字形（國中學生組）第5名","I區（7排3號）"
613,"客家語字音字形","國中學生組",6,,"I",48,"客家語字音字形（國中學生組）第6名","I區（7排4號）"
614,"客家語字音字形","高中學生組",1,,"I",49,"客家語字音字形（高中學生組）第1名","I區（7排5號）"
615,"客家語字音字形","高中學生組",2,,"I",50,"客家語字音字形（高中學生組）第2名","I區（7排6號）"
616,"客家語字音字形","高中學生組",3,,"I",51,"客家語字音字形（高中學生組）第3名","I區（7排7號）"
617,"客家語字音字形","高中學生組",4,,"I",52,"客家語字音字形（高中學生組）第4名","I區（7排8號）"
618,"客家語字音字形","高中學生組",5,,"I",53,"客家語字音字形（高中學生組）第5名","I區（8排1號）"
619,"客家語字音字形","高中學生組",6,,"I",54,"客家語字音字形（高中學生組）第6名","I區（8排2號）"
620,"客家語字音字形","教師組",1,,"I",55,"客家語字音字形（教師組）第1名","I區（8排3號）"
621,"客家語字音字形","教師組",2,,"I",56,"客家語字音字形（教師組）第2名","I區（8排4號）"
622,"客家語字音字形","教師組",3,,"I",57,"客家語字音字形（教師組）第3名","I區（8排5號）"
623,"客家語字音字形","教師組",4,,"I",58,"客家語字音字形（教師組）第4名","I區（8排6號）"
624,"客家語字音字形","教師組",5,,"I",59,"客家語字音字形（教師組）第5名","I區（8排7號）"
625,"客家語字音字形","教師組",6,,"I",60,"客家語字音字形（教師組）第6名","I區（8排8號）"
626,"客家語字音字形","社會組",1,,"I",61,"客家語字音字形（社會組）第1名","I區（9排1號）"
627,"客家語字音字形","社會組",2,,"I",62,"客家語字音字形（社會組）第2名","I區（9排2號）"
628,"客家語字音字形","社會組",3,,"I",63,"客家語字音字形（社會組）第3名","I區（9排3號）"
629,"客家語字音字形","社會組",4,,"I",64,"客家語字音字形（社會組）第4名","I區（9排4號）"
630,"客家語字音字形","社會組",5,,"I",65,"客家語字音字形（社會組）第5名","I區（9排5號）"
631,"客家語字音字形","社會組",6,,"I",66,"客家語字音字形（社會組）第6名","I區（9排6號）"
632,"客家語字音字形","教大組",1,,"I",67,"客家語字音字形（教大組）第1名","I區（9排7號）"
633,"客家語字音字形","教大組",2,,"I",68,"客家語字音字形（教大組）第2名","I區（9排8號）"
634,"客家語字音字形","教大組",3,,"I",69,"客家語字音字形（教大組）第3名","I區（10排1號）"
635,"客家語字音字形","教大組",4,,"I",70,"客家語字音字形（教大組）第4名","I區（10排2號）"
636,"客家語字音字形","教大組",5,,"I",71,"客家語字音字形（教大組）第5名","I區（10排3號）"
